{
	"EVENT_CREATE_SUCCESS": "EVENT_CREATE_SUCCESS",
	"EVENT_CREATE_FAILURE": "EVENT_CREATE_FAILURE",
	"EVENT_READ_SUCCESS": "EVENT_READ_SUCCESS",
	"EVENT_READ_FAILURE": "EVENT_READ_FAILURE",
	"EVENTS_READ_SUCCESS": "EVENTS_READ_SUCCESS",
	"EVENTS_READ_FAILURE": "EVENTS_READ_FAILURE",
	"EVENT_UPDATE_SUCCESS": "EVENT_UPDATE_SUCCESS",
	"EVENT_UPDATE_FAILURE": "EVENT_UPDATE_FAILURE",
	"EVENT_DELETE_SUCCESS": "EVENT_DELETE_SUCCESS",
	"EVENT_DELETE_FAILURE": "EVENT_DELETE_FAILURE",

	"USER_CREATE_SUCCESS": "USER_CREATE_SUCCESS",
	"USER_CREATE_FAILURE": "USER_CREATE_FAILURE",
	"USER_READ_SUCCESS": "USER_READ_SUCCESS",
	"USER_READ_FAILURE": "USER_READ_FAILURE",
	"USERS_READ_SUCCESS": "USERS_READ_SUCCESS",
	"USERS_READ_FAILURE": "USERS_READ_FAILURE",
	"USER_UPDATE_SUCCESS": "USER_UPDATE_SUCCESS",
	"USER_UPDATE_FAILURE": "USER_UPDATE_FAILURE",
	"USER_DELETE_SUCCESS": "USER_DELETE_SUCCESS",
	"USER_DELETE_FAILURE": "USER_DELETE_FAILURE",

	"RSO_CREATE_SUCCESS": "RSO_CREATE_SUCCESS",
	"RSO_CREATE_FAILURE": "RSO_CREATE_FAILURE",
	"RSO_READ_SUCCESS": "RSO_READ_SUCCESS",
	"RSO_READ_FAILURE": "RSO_READ_FAILURE",
	"RSOS_READ_SUCCESS": "RSOS_READ_SUCCESS",
	"RSOS_READ_FAILURE": "RSOS_READ_FAILURE",
	"RSO_UPDATE_SUCCESS": "RSO_UPDATE_SUCCESS",
	"RSO_UPDATE_FAILURE": "RSO_UPDATE_FAILURE",
	"RSO_DELETE_SUCCESS": "RSO_DELETE_SUCCESS",
	"RSO_DELETE_FAILURE": "RSO_DELETE_FAILURE",

	"UNIVERSITY_CREATE_SUCCESS": "UNIVERSITY_CREATE_SUCCESS",
	"UNIVERSITY_CREATE_FAILURE": "UNIVERSITY_CREATE_FAILURE",
	"UNIVERSITY_READ_SUCCESS": "UNIVERSITY_READ_SUCCESS",
	"UNIVERSITY_READ_FAILURE": "UNIVERSITY_READ_FAILURE",
	"UNIVERSITIES_READ_SUCCESS": "UNIVERSITIES_READ_SUCCESS",
	"UNIVERSITIES_READ_FAILURE": "UNIVERSITIES_READ_FAILURE",
	"UNIVERSITY_UPDATE_SUCCESS": "UNIVERSITY_UPDATE_SUCCESS",
	"UNIVERSITY_UPDATE_FAILURE": "UNIVERSITY_UPDATE_FAILURE",
	"UNIVERSITY_DELETE_SUCCESS": "UNIVERSITY_DELETE_SUCCESS",
	"UNIVERSITY_DELETE_FAILURE": "UNIVERSITY_DELETE_FAILURE"
}
